"symbol","month","monthly_ret"
"AAPL",2007-01-01,0.0230311563367722
"AAPL",2007-02-01,-0.013064258143611
"AAPL",2007-03-01,0.0980969425582772
"AAPL",2007-04-01,0.0741579832956811
"AAPL",2007-05-01,0.214328529290122
"AAPL",2007-06-01,0.00701372039842196
"AAPL",2007-07-01,0.0796460970883053
"AAPL",2007-08-01,0.0510017735041999
"AAPL",2007-09-01,0.108246655342495
"AAPL",2007-10-01,0.237701331899158
"AAPL",2007-11-01,-0.0406950058796942
"AAPL",2007-12-01,0.0870377378605527
"AAPL",2008-01-01,-0.316639697090555
"AAPL",2008-02-01,-0.07638895259164
"AAPL",2008-03-01,0.147816310158371
"AAPL",2008-04-01,0.212195140559499
"AAPL",2008-05-01,0.0850818705402301
"AAPL",2008-06-01,-0.112900632529372
"AAPL",2008-07-01,-0.0507046943501734
"AAPL",2008-08-01,0.0665618206945728
"AAPL",2008-09-01,-0.32955815657357
"AAPL",2008-10-01,-0.0534049928696781
"AAPL",2008-11-01,-0.138674546568811
"AAPL",2008-12-01,-0.0789901113333147
"AAPL",2009-01-01,0.0560049576320503
"AAPL",2009-02-01,-0.0090981024084813
"AAPL",2009-03-01,0.177023936915304
"AAPL",2009-04-01,0.197012920299007
"AAPL",2009-05-01,0.0793132587443817
"AAPL",2009-06-01,0.048744604763538
"AAPL",2009-07-01,0.14715999971128
"AAPL",2009-08-01,0.029499990643614
"AAPL",2009-09-01,0.101896466452215
"AAPL",2009-10-01,0.0169948304320335
"AAPL",2009-11-01,0.0605305430310541
"AAPL",2009-12-01,0.0541242564825541
"AAPL",2010-01-01,-0.0885967238187924
"AAPL",2010-02-01,0.0653961966539371
"AAPL",2010-03-01,0.148470277384629
"AAPL",2010-04-01,0.111021381850312
"AAPL",2010-05-01,-0.0161247185786035
"AAPL",2010-06-01,-0.0208268537337467
"AAPL",2010-07-01,0.0227408155966133
"AAPL",2010-08-01,-0.0550048205317276
"AAPL",2010-09-01,0.167215168641702
"AAPL",2010-10-01,0.0607223940460346
"AAPL",2010-11-01,0.0337896398890545
"AAPL",2010-12-01,0.036670439598153
"AAPL",2011-01-01,0.0519592708232963
"AAPL",2011-02-01,0.0409348432228773
"AAPL",2011-03-01,-0.0133065334322383
"AAPL",2011-04-01,0.00464838985485128
"AAPL",2011-05-01,-0.00656906244163291
"AAPL",2011-06-01,-0.0349596401333186
"AAPL",2011-07-01,0.163285417912799
"AAPL",2011-08-01,-0.0144693263916419
"AAPL",2011-09-01,-0.00912094559684495
"AAPL",2011-10-01,0.061523138447072
"AAPL",2011-11-01,-0.055783412047394
"AAPL",2011-12-01,0.0596546706777346
"AAPL",2012-01-01,0.127111052269537
"AAPL",2012-02-01,0.188310539635951
"AAPL",2012-03-01,0.105283610562062
"AAPL",2012-04-01,-0.0259695143117727
"AAPL",2012-05-01,-0.0107023692760025
"AAPL",2012-06-01,0.0108528143614377
"AAPL",2012-07-01,0.045821868012784
"AAPL",2012-08-01,0.089200372955432
"AAPL",2012-09-01,0.00279600723615814
"AAPL",2012-10-01,-0.107600077558837
"AAPL",2012-11-01,-0.0168649063542198
"AAPL",2012-12-01,-0.0907428947058417
"AAPL",2013-01-01,-0.144089283572787
"AAPL",2013-02-01,-0.0309336950856832
"AAPL",2013-03-01,0.002854558473258
"AAPL",2013-04-01,0.000271034294132555
"AAPL",2013-05-01,0.0156963709036164
"AAPL",2013-06-01,-0.118293226863026
"AAPL",2013-07-01,0.141225057002801
"AAPL",2013-08-01,0.0766579767579363
"AAPL",2013-09-01,-0.0214892360900257
"AAPL",2013-10-01,0.0963816268508582
"AAPL",2013-11-01,0.0638417023309619
"AAPL",2013-12-01,0.00890169612049263
"AAPL",2014-01-01,-0.107696733483049
"AAPL",2014-02-01,0.0512186457168697
"AAPL",2014-03-01,0.0199528721376381
"AAPL",2014-04-01,0.0993962623928792
"AAPL",2014-05-01,0.0727177812800985
"AAPL",2014-06-01,0.0276619059326286
"AAPL",2014-07-01,0.0287312833334474
"AAPL",2014-08-01,0.0721757493306521
"AAPL",2014-09-01,-0.0170731707317076
"AAPL",2014-10-01,0.0719602977667493
"AAPL",2014-11-01,0.101203706529405
"AAPL",2014-12-01,-0.0718910538116401
"AAPL",2015-01-01,0.0614242306341555
"AAPL",2015-02-01,0.0964493231354542
"AAPL",2015-03-01,-0.0313716814422084
"AAPL",2015-04-01,0.00578639571596229
"AAPL",2015-05-01,0.0409907885806706
"AAPL",2015-06-01,-0.03722749861502
"AAPL",2015-07-01,-0.032926710064335
"AAPL",2015-08-01,-0.0704039629074321
"AAPL",2015-09-01,-0.0218162383634984
"AAPL",2015-10-01,0.0834088548839398
"AAPL",2015-11-01,-0.0100418154664618
"AAPL",2015-12-01,-0.110228238200655
"AAPL",2016-01-01,-0.0752423108265718
"AAPL",2016-02-01,-0.00667756236838257
"AAPL",2016-03-01,0.127210622730277
"AAPL",2016-04-01,-0.139921096420807
"AAPL",2016-05-01,0.0652869947306389
"AAPL",2016-06-01,-0.0426597447445726
"AAPL",2016-07-01,0.090062769328205
"AAPL",2016-08-01,0.0181364495370202
"AAPL",2016-09-01,0.0655042853684094
"AAPL",2016-10-01,0.00433434631173979
"AAPL",2016-11-01,-0.0265985929902169
"AAPL",2016-12-01,0.0479551503143332
"AAPL",2017-01-01,0.0477464927807625
"AAPL",2017-02-01,0.128883454599947
"AAPL",2017-03-01,0.0486896700597486
"AAPL",2017-04-01,-6.96767741178439e-05
"AAPL",2017-05-01,0.0634180368773032
"AAPL",2017-06-01,-0.0572138684777435
"AAPL",2017-07-01,0.0327037308384437
"AAPL",2017-08-01,0.102669298131591
"AAPL",2017-09-01,-0.0602439322122713
"AAPL",2017-10-01,0.0968076735118029
"AAPL",2017-11-01,0.0166233609145163
"AAPL",2017-12-01,-0.0152459137790104
"AAPL",2018-01-01,-0.0106364302854198
"AAPL",2018-02-01,0.063847595467001
"AAPL",2018-03-01,-0.0580507333333788
"AAPL",2018-04-01,-0.0150196941876004
"AAPL",2018-05-01,0.130763653204997
"AAPL",2018-06-01,-0.00941828304609416
"AAPL",2018-07-01,0.0279833215855523
"AAPL",2018-08-01,0.196226879573919
"AAPL",2018-09-01,-0.00830294490667616
"AAPL",2018-10-01,-0.0304775614219644
"AAPL",2018-11-01,-0.184044588627273
"AAPL",2018-12-01,-0.116698376773488
"AAPL",2019-01-01,0.0551540297024979
"AAPL",2019-02-01,0.0403147762356006
"AAPL",2019-03-01,0.0970257213049719
"AAPL",2019-04-01,0.0564359115184621
"AAPL",2019-05-01,-0.127572587224393
"AAPL",2019-06-01,0.130519163127753
"AAPL",2019-07-01,0.0763944788655517
"AAPL",2019-08-01,-0.0201839463409734
"AAPL",2019-09-01,0.0729615566098947
"AAPL",2019-10-01,0.110684436089745
"AAPL",2019-11-01,0.0743286939277372
"AAPL",2019-12-01,0.0987838873582199
"AAPL",2020-01-01,0.0540099308659663
"AAPL",2020-02-01,-0.116797593853061
"AAPL",2020-03-01,-0.0697614613964226
"AAPL",2020-04-01,0.155373768335344
"AAPL",2020-05-01,0.0821647911893315
"AAPL",2020-06-01,0.147386252097039
"AAPL",2020-07-01,0.165131641358883
"AAPL",2020-08-01,0.214379735478429
"AAPL",2020-09-01,-0.102526320643887
"AAPL",2020-10-01,-0.0600120636797856
"AAPL",2020-11-01,0.0936064889240613
"AAPL",2020-12-01,0.114573700461968
"AAPL",2021-01-01,-0.00550151265436449
"AAPL",2021-02-01,-0.0810852078905829
"AAPL",2021-03-01,0.00733959569494802
"AAPL",2021-04-01,0.0762178065631531
"AAPL",2021-05-01,-0.0521071485902568
"AAPL",2021-06-01,0.099109269264297
"AAPL",2021-07-01,0.0649824288858127
"AAPL",2021-08-01,0.0409296667744519
"AAPL",2021-09-01,-0.0680366311432251
"AAPL",2021-10-01,0.0586572653834474
"AAPL",2021-11-01,0.103471292952141
"AAPL",2021-12-01,0.0742286996124193
"AAPL",2022-01-01,-0.0157121610060404
"AAPL",2022-02-01,-0.0552695029727487
"AAPL",2022-03-01,0.057473387680449
"AAPL",2022-04-01,-0.0971307866364084
"AAPL",2022-05-01,-0.0558832724369058
"AAPL",2022-06-01,-0.0814296923904323
"AAPL",2022-07-01,0.188633653129514
"AAPL",2022-08-01,-0.0325518027502625
"AAPL",2022-09-01,-0.120977001175321
"AAPL",2022-10-01,0.109551372821799
"AAPL",2022-11-01,-0.0346289140824874
"AAPL",2022-12-01,-0.122272554568494
"AAPL",2023-01-01,0.110521060723713
"AAPL",2023-02-01,0.0216231930220516
"AAPL",2023-03-01,0.118648597787605
"AAPL",2023-04-01,0.0289872586793278
"AAPL",2023-05-01,0.0446134350010445
"AAPL",2023-06-01,0.0943300492000172
"AAPL",2023-07-01,0.0127854601842132
"AAPL",2023-08-01,-0.0436752454280529
"AAPL",2023-09-01,-0.0886782819839237
"AAPL",2023-10-01,-0.00256995750336986
"AAPL",2023-11-01,0.112314763693394
"AAPL",2023-12-01,0.013582531574126
"AAPL",2024-01-01,-0.0422272110027495
"AAPL",2024-02-01,-0.019793893803127
"AAPL",2024-03-01,-0.0512863306913469
"AAPL",2024-04-01,-0.00670628601082712
"AAPL",2024-05-01,0.128691351689687
"AAPL",2024-06-01,0.0955526404014955
"AAPL",2024-07-01,0.0544108203377893
"AAPL",2024-08-01,0.0311599338611745
"AAPL",2024-09-01,0.0174672489082968
"AAPL",2024-10-01,-0.0304291688321487
"AAPL",2024-11-01,0.0505510954974175
"AAPL",2024-12-01,0.0551552531786887
"AAPL",2025-01-01,-0.0575832532321034
"AAPL",2025-02-01,0.0247457471944517
"AAPL",2025-03-01,-0.0815001312997871
"AAPL",2025-04-01,-0.0433530125202717
"AAPL",2025-05-01,-0.0548235006893381
"AAPL",2025-06-01,0.0215085483403132
"AAPL",2025-07-01,0.0116976613378779
"AAPL",2025-08-01,0.118369664202267
"AAPL",2025-09-01,0.096881216301782
"AAPL",2025-10-01,0.0618151432766889
"AAPL",2025-11-01,0.031364467727466
"AAPL",2025-12-01,-0.000251057280568068
"MSFT",2007-01-01,0.0334896175338095
"MSFT",2007-02-01,-0.0871678704100636
"MSFT",2007-03-01,-0.0106496001508001
"MSFT",2007-04-01,0.0742733990847326
"MSFT",2007-05-01,0.0250500997535665
"MSFT",2007-06-01,-0.0397524014165219
"MSFT",2007-07-01,-0.0162877351007888
"MSFT",2007-08-01,-0.00896861783147951
"MSFT",2007-09-01,0.0254089646316615
"MSFT",2007-10-01,0.249490920476379
"MSFT",2007-11-01,-0.0872046394841774
"MSFT",2007-12-01,0.0595238122269683
"MSFT",2008-01-01,-0.0842696665332953
"MSFT",2008-02-01,-0.165644109323144
"MSFT",2008-03-01,0.0433822928209224
"MSFT",2008-04-01,0.00493309729165237
"MSFT",2008-05-01,-0.00701264935937318
"MSFT",2008-06-01,-0.0286016763654985
"MSFT",2008-07-01,-0.0650672810118
"MSFT",2008-08-01,0.0610420545912564
"MSFT",2008-09-01,-0.021986088726305
"MSFT",2008-10-01,-0.163357082169706
"MSFT",2008-11-01,-0.0944917428374704
"MSFT",2008-12-01,-0.0385756085946903
"MSFT",2009-01-01,-0.120370374912715
"MSFT",2009-02-01,-0.0555555989325544
"MSFT",2009-03-01,0.137461379141825
"MSFT",2009-04-01,0.102885100887524
"MSFT",2009-05-01,0.0310957134081613
"MSFT",2009-06-01,0.137865062338985
"MSFT",2009-07-01,-0.0105174587793642
"MSFT",2009-08-01,0.0480441810703116
"MSFT",2009-09-01,0.0434076962021479
"MSFT",2009-10-01,0.078149311140852
"MSFT",2009-11-01,0.0605842168376867
"MSFT",2009-12-01,0.0363821727431386
"MSFT",2010-01-01,-0.0754592936877647
"MSFT",2010-02-01,0.0173882102843039
"MSFT",2010-03-01,0.0216254216108656
"MSFT",2010-04-01,0.0426766801272902
"MSFT",2010-05-01,-0.155206337143784
"MSFT",2010-06-01,-0.108139499638861
"MSFT",2010-07-01,0.121686189013855
"MSFT",2010-08-01,-0.0906625416895355
"MSFT",2010-09-01,0.0434597566086534
"MSFT",2010-10-01,0.08901593816047
"MSFT",2010-11-01,-0.052868385578499
"MSFT",2010-12-01,0.104908930899387
"MSFT",2011-01-01,-0.00644931229523038
"MSFT",2011-02-01,-0.0414713176168167
"MSFT",2011-03-01,-0.0447705243594183
"MSFT",2011-04-01,0.0208743875299813
"MSFT",2011-05-01,-0.0351080187011413
"MSFT",2011-06-01,0.0395841568195952
"MSFT",2011-07-01,0.0538461391742415
"MSFT",2011-08-01,-0.0291970528539539
"MSFT",2011-09-01,-0.0642857506503087
"MSFT",2011-10-01,0.0699075859295444
"MSFT",2011-11-01,-0.0394291877638316
"MSFT",2011-12-01,0.0148553229827977
"MSFT",2012-01-01,0.137519326967472
"MSFT",2012-02-01,0.0748391138870552
"MSFT",2012-03-01,0.0163830672389673
"MSFT",2012-04-01,-0.00743948779468273
"MSFT",2012-05-01,-0.0883822574405959
"MSFT",2012-06-01,0.0479616167494346
"MSFT",2012-07-01,-0.0366132995634733
"MSFT",2012-08-01,0.0458093116024598
"MSFT",2012-09-01,-0.0343932341479027
"MSFT",2012-10-01,-0.0409946002678618
"MSFT",2012-11-01,-0.0672740019167053
"MSFT",2012-12-01,0.00338085057858506
"MSFT",2013-01-01,0.0277050431984851
"MSFT",2013-02-01,0.0127503994314506
"MSFT",2013-03-01,0.0291367408460641
"MSFT",2013-04-01,0.156938055504444
"MSFT",2013-05-01,0.0543807593575913
"MSFT",2013-06-01,-0.0103152032840058
"MSFT",2013-07-01,-0.0781702574224792
"MSFT",2013-08-01,0.0489950177705709
"MSFT",2013-09-01,-0.00359289644011096
"MSFT",2013-10-01,0.0640024382885576
"MSFT",2013-11-01,0.0768144939967268
"MSFT",2013-12-01,-0.0188828009581461
"MSFT",2014-01-01,0.0114942610780451
"MSFT",2014-02-01,0.0124207510255776
"MSFT",2014-03-01,0.0699556306214131
"MSFT",2014-04-01,-0.0143937577074517
"MSFT",2014-05-01,0.0133662643671975
"MSFT",2014-06-01,0.0185638046341954
"MSFT",2014-07-01,0.0350119678120067
"MSFT",2014-08-01,0.0525950061582263
"MSFT",2014-09-01,0.0204710609493401
"MSFT",2014-10-01,0.0127264914758467
"MSFT",2014-11-01,0.0183173715948142
"MSFT",2014-12-01,-0.0284459437625395
"MSFT",2015-01-01,-0.130247559476631
"MSFT",2015-02-01,0.085395960840057
"MSFT",2015-03-01,-0.07274797577454
"MSFT",2015-04-01,0.196261671721187
"MSFT",2015-05-01,-0.0365953700993612
"MSFT",2015-06-01,-0.0578318192312187
"MSFT",2015-07-01,0.0577576251173137
"MSFT",2015-08-01,-0.0680942238377731
"MSFT",2015-09-01,0.0170036272055578
"MSFT",2015-10-01,0.189335774647742
"MSFT",2015-11-01,0.0324847854160297
"MSFT",2015-12-01,0.0207911885895138
"MSFT",2016-01-01,-0.00702954925858534
"MSFT",2016-02-01,-0.0764203861465208
"MSFT",2016-03-01,0.0854952512343226
"MSFT",2016-04-01,-0.0970487172691826
"MSFT",2016-05-01,0.0627632070413793
"MSFT",2016-06-01,-0.0345283364349944
"MSFT",2016-07-01,0.107680327015811
"MSFT",2016-08-01,0.0137614462790607
"MSFT",2016-09-01,0.0024364669662218
"MSFT",2016-10-01,0.0402777735465834
"MSFT",2016-11-01,0.00567423502966857
"MSFT",2016-12-01,0.0311981599814188
"MSFT",2017-01-01,0.0403926965060224
"MSFT",2017-02-01,-0.0103635261845181
"MSFT",2017-03-01,0.029384199461804
"MSFT",2017-04-01,0.0394776563927399
"MSFT",2017-05-01,0.0201577165041325
"MSFT",2017-06-01,-0.013029726237559
"MSFT",2017-07-01,0.0546931180382322
"MSFT",2017-08-01,0.0284731744390303
"MSFT",2017-09-01,-0.00374480128217047
"MSFT",2017-10-01,0.116659990476828
"MSFT",2017-11-01,0.0119018737693839
"MSFT",2017-12-01,0.0162766160910703
"MSFT",2018-01-01,0.110708453581325
"MSFT",2018-02-01,-0.0130513152855849
"MSFT",2018-03-01,-0.0266609799456027
"MSFT",2018-04-01,0.0246521319464834
"MSFT",2018-05-01,0.0568862263236476
"MSFT",2018-06-01,-0.00232694998037875
"MSFT",2018-07-01,0.0757529781408295
"MSFT",2018-08-01,0.0589177968714012
"MSFT",2018-09-01,0.018160784138467
"MSFT",2018-10-01,-0.066101294101912
"MSFT",2018-11-01,0.0381986885526937
"MSFT",2018-12-01,-0.0840472517460782
"MSFT",2019-01-01,0.0281579267396341
"MSFT",2019-02-01,0.0727760073916659
"MSFT",2019-03-01,0.0527537599438188
"MSFT",2019-04-01,0.107342745464152
"MSFT",2019-05-01,-0.0529862593793062
"MSFT",2019-06-01,0.0831177747681586
"MSFT",2019-07-01,0.017243934329801
"MSFT",2019-08-01,0.011667984795183
"MSFT",2019-09-01,0.00848685741886879
"MSFT",2019-10-01,0.0312162581888549
"MSFT",2019-11-01,0.0558694987683985
"MSFT",2019-12-01,0.0417491865608155
"MSFT",2020-01-01,0.0794546545451695
"MSFT",2020-02-01,-0.0482876192622339
"MSFT",2020-03-01,-0.0265414970604628
"MSFT",2020-04-01,0.136326162480022
"MSFT",2020-05-01,0.0225433465475142
"MSFT",2020-06-01,0.110559315180551
"MSFT",2020-07-01,0.00737064537609045
"MSFT",2020-08-01,0.100092701928133
"MSFT",2020-09-01,-0.0673967854853619
"MSFT",2020-10-01,-0.0373698499592328
"MSFT",2020-11-01,0.0572924681857978
"MSFT",2020-12-01,0.0390058885366416
"MSFT",2021-01-01,0.0428918650456767
"MSFT",2021-02-01,0.00181064906358275
"MSFT",2021-03-01,0.014588171608646
"MSFT",2021-04-01,0.0696016800523804
"MSFT",2021-05-01,-0.00991355409869554
"MSFT",2021-06-01,0.0849887930277942
"MSFT",2021-07-01,0.0517165377677278
"MSFT",2021-08-01,0.0595626724319194
"MSFT",2021-09-01,-0.0661189583020794
"MSFT",2021-10-01,0.176291073078403
"MSFT",2021-11-01,-0.00310596102304639
"MSFT",2021-12-01,0.017332681114983
"MSFT",2022-01-01,-0.0753448970803051
"MSFT",2022-02-01,-0.0391986687592667
"MSFT",2022-03-01,0.0318618050852282
"MSFT",2022-04-01,-0.0998670454696181
"MSFT",2022-05-01,-0.0203588718656442
"MSFT",2022-06-01,-0.0553205900431895
"MSFT",2022-07-01,0.0930966199906007
"MSFT",2022-08-01,-0.0686399860510944
"MSFT",2022-09-01,-0.109266864997271
"MSFT",2022-10-01,-0.00330609288901096
"MSFT",2022-11-01,0.0991254642778827
"MSFT",2022-12-01,-0.0600454342795266
"MSFT",2023-01-01,0.0333166124191342
"MSFT",2023-02-01,0.00649691548449716
"MSFT",2023-03-01,0.155881604961315
"MSFT",2023-04-01,0.0657649073029847
"MSFT",2023-05-01,0.0687691343202461
"MSFT",2023-06-01,0.0369986703447474
"MSFT",2023-07-01,-0.0135666735222336
"MSFT",2023-08-01,-0.0242915079064342
"MSFT",2023-09-01,-0.0366426940681789
"MSFT",2023-10-01,0.0708154722139753
"MSFT",2023-11-01,0.12067084699709
"MSFT",2023-12-01,-0.00757434506729626
"MSFT",2024-01-01,0.0572810805709003
"MSFT",2024-02-01,0.0403944580174502
"MSFT",2024-03-01,0.017116299974709
"MSFT",2024-04-01,-0.0746102266527875
"MSFT",2024-05-01,0.0662677399644833
"MSFT",2024-06-01,0.0766507044779898
"MSFT",2024-07-01,-0.0639892724519451
"MSFT",2024-08-01,-0.00289229457971796
"MSFT",2024-09-01,0.0315480958009327
"MSFT",2024-10-01,-0.055658801693892
"MSFT",2024-11-01,0.0421065217043559
"MSFT",2024-12-01,-0.0046285162580374
"MSFT",2025-01-01,-0.0152787721029807
"MSFT",2025-02-01,-0.0435358922336716
"MSFT",2025-03-01,-0.0544093708085318
"MSFT",2025-04-01,0.0529316027113729
"MSFT",2025-05-01,0.164701649490267
"MSFT",2025-06-01,0.0804805358620668
"MSFT",2025-07-01,0.072555831350763
"MSFT",2025-08-01,-0.0502530413469426
"MSFT",2025-09-01,0.0222226799648113
"MSFT",2025-10-01,-0.000270324635849306
"MSFT",2025-11-01,-0.0498252021293761
"MSFT",2025-12-01,-0.0179874513279343
"TSLA",2010-06-01,-0.00251147825801878
"TSLA",2010-07-01,-0.163240050710209
"TSLA",2010-08-01,-0.0230687080635694
"TSLA",2010-09-01,0.0477412904414978
"TSLA",2010-10-01,0.0700634180419977
"TSLA",2010-11-01,0.617673858278328
"TSLA",2010-12-01,-0.246249689871923
"TSLA",2011-01-01,-0.0950052754483731
"TSLA",2011-02-01,-0.00871372711961227
"TSLA",2011-03-01,0.161573664103368
"TSLA",2011-04-01,-0.00540540018074709
"TSLA",2011-05-01,0.0920287276242062
"TSLA",2011-06-01,-0.0335100589682676
"TSLA",2011-07-01,-0.0329557206247475
"TSLA",2011-08-01,-0.121760925582047
"TSLA",2011-09-01,-0.0141469026876158
"TSLA",2011-10-01,0.204181973195213
"TSLA",2011-11-01,0.114743145374332
"TSLA",2011-12-01,-0.127672691686704
"TSLA",2012-01-01,0.0178571003718404
"TSLA",2012-02-01,0.14929469065927
"TSLA",2012-03-01,0.11463660465642
"TSLA",2012-04-01,-0.110365156831902
"TSLA",2012-05-01,-0.109568341184485
"TSLA",2012-06-01,0.0606777386212389
"TSLA",2012-07-01,-0.123681697247717
"TSLA",2012-08-01,0.040116535561443
"TSLA",2012-09-01,0.0266481716679297
"TSLA",2012-10-01,-0.0392761626676692
"TSLA",2012-11-01,0.202275596889361
"TSLA",2012-12-01,0.0014782019928814
"TSLA",2013-01-01,0.107469977524454
"TSLA",2013-02-01,-0.0714477624092844
"TSLA",2013-03-01,0.0878552945044417
"TSLA",2013-04-01,0.424914099466795
"TSLA",2013-05-01,0.810705745766772
"TSLA",2013-06-01,0.0981996567416152
"TSLA",2013-07-01,0.250745185797616
"TSLA",2013-08-01,0.258564319539714
"TSLA",2013-09-01,0.144201049656775
"TSLA",2013-10-01,-0.172880912816842
"TSLA",2013-11-01,-0.204201610698229
"TSLA",2013-12-01,0.181882540938108
"TSLA",2014-01-01,0.20594285562134
"TSLA",2014-02-01,0.349484657860858
"TSLA",2014-03-01,-0.148523384517216
"TSLA",2014-04-01,-0.00268650675270754
"TSLA",2014-05-01,-0.000577255328103377
"TSLA",2014-06-01,0.155412269543709
"TSLA",2014-07-01,-0.0698158259645639
"TSLA",2014-08-01,0.207792129586269
"TSLA",2014-09-01,-0.100185345918582
"TSLA",2014-10-01,-0.00403830054675158
"TSLA",2014-11-01,0.0116673396048568
"TSLA",2014-12-01,-0.0904219962270342
"TSLA",2015-01-01,-0.084573579461146
"TSLA",2015-02-01,-0.00127699150777805
"TSLA",2015-03-01,-0.0716533319225673
"TSLA",2015-04-01,0.197488932235423
"TSLA",2015-05-01,0.109489027998917
"TSLA",2015-06-01,0.069617315349652
"TSLA",2015-07-01,-0.00786551976901095
"TSLA",2015-08-01,-0.0642119309007346
"TSLA",2015-09-01,-0.00265000152780881
"TSLA",2015-10-01,-0.166948468989862
"TSLA",2015-11-01,0.112743498216959
"TSLA",2015-12-01,0.0423434742094491
"TSLA",2016-01-01,-0.203366556370887
"TSLA",2016-02-01,0.0038179392869091
"TSLA",2016-03-01,0.197155240052474
"TSLA",2016-04-01,0.047830459391734
"TSLA",2016-05-01,-0.0728111083172158
"TSLA",2016-06-01,-0.0490525160417479
"TSLA",2016-07-01,0.10603918690237
"TSLA",2016-08-01,-0.097022904572476
"TSLA",2016-09-01,-0.0376397052934461
"TSLA",2016-10-01,-0.0308778171585797
"TSLA",2016-11-01,-0.0421281391869637
"TSLA",2016-12-01,0.128247087240049
"TSLA",2017-01-01,0.17895082974216
"TSLA",2017-02-01,-0.00770056118884443
"TSLA",2017-03-01,0.113244502267394
"TSLA",2017-04-01,0.128530351207787
"TSLA",2017-05-01,0.0857770346039208
"TSLA",2017-06-01,0.0604087719917916
"TSLA",2017-07-01,-0.105472702551628
"TSLA",2017-08-01,0.100256622621991
"TSLA",2017-09-01,-0.0415847542450501
"TSLA",2017-10-01,-0.0280563102331942
"TSLA",2017-11-01,-0.068410061501683
"TSLA",2017-12-01,0.00809451333893452
"TSLA",2018-01-01,0.137979784186882
"TSLA",2018-02-01,-0.0317518559383566
"TSLA",2018-03-01,-0.224246456621468
"TSLA",2018-04-01,0.104347404481528
"TSLA",2018-05-01,-0.0312010193380435
"TSLA",2018-06-01,0.20447436127385
"TSLA",2018-07-01,-0.130660447914656
"TSLA",2018-08-01,0.0118065421023521
"TSLA",2018-09-01,-0.122290002040065
"TSLA",2018-10-01,0.27401148990824
"TSLA",2018-11-01,0.0390133695057826
"TSLA",2018-12-01,-0.0504451205714467
"TSLA",2019-01-01,-0.0774639163363982
"TSLA",2019-02-01,0.0418864672834456
"TSLA",2019-03-01,-0.125109385744042
"TSLA",2019-04-01,-0.147109238202805
"TSLA",2019-05-01,-0.224265822331908
"TSLA",2019-06-01,0.20684812952665
"TSLA",2019-07-01,0.081222529743
"TSLA",2019-08-01,-0.066222365951634
"TSLA",2019-09-01,0.0676388894701145
"TSLA",2019-10-01,0.30742722101642
"TSLA",2019-11-01,0.0476946471290018
"TSLA",2019-12-01,0.267897153362846
"TSLA",2020-01-01,0.555159857343469
"TSLA",2020-02-01,0.026776468870539
"TSLA",2020-03-01,-0.215557071368431
"TSLA",2020-04-01,0.492137319488021
"TSLA",2020-05-01,0.0679388683378335
"TSLA",2020-06-01,0.293185632827082
"TSLA",2020-07-01,0.325010884398153
"TSLA",2020-08-01,0.741452125278712
"TSLA",2020-09-01,-0.139087414099272
"TSLA",2020-10-01,-0.0954989113160603
"TSLA",2020-11-01,0.462735802147563
"TSLA",2020-12-01,0.243252280289765
"TSLA",2021-01-01,0.124505857574368
"TSLA",2021-02-01,-0.14874045049394
"TSLA",2021-03-01,-0.0112065694608415
"TSLA",2021-04-01,0.0621472477192171
"TSLA",2021-05-01,-0.118713355241173
"TSLA",2021-06-01,0.087137347189101
"TSLA",2021-07-01,0.0110342798788787
"TSLA",2021-08-01,0.0706053837990694
"TSLA",2021-09-01,0.0540423315035932
"TSLA",2021-10-01,0.436529595729082
"TSLA",2021-11-01,0.0276121888737781
"TSLA",2021-12-01,-0.0768545194785089
"TSLA",2022-01-01,-0.11360931817914
"TSLA",2022-02-01,-0.0707681586632628
"TSLA",2022-03-01,0.238008809332756
"TSLA",2022-04-01,-0.191945109821647
"TSLA",2022-05-01,-0.129197485737861
"TSLA",2022-06-01,-0.111887741223037
"TSLA",2022-07-01,0.32376526434082
"TSLA",2022-08-01,-0.0724886723451373
"TSLA",2022-09-01,-0.0375892961147526
"TSLA",2022-10-01,-0.142167791569716
"TSLA",2022-11-01,-0.144326260467953
"TSLA",2022-12-01,-0.367334349070785
"TSLA",2023-01-01,0.40623478479911
"TSLA",2023-02-01,0.187564976701322
"TSLA",2023-03-01,0.00850712139849441
"TSLA",2023-04-01,-0.207991939452633
"TSLA",2023-05-01,0.241129546015962
"TSLA",2023-06-01,0.283626726892732
"TSLA",2023-07-01,0.0216220495077983
"TSLA",2023-08-01,-0.0349624438529265
"TSLA",2023-09-01,-0.0304556174849369
"TSLA",2023-10-01,-0.197346353776321
"TSLA",2023-11-01,0.195379437406218
"TSLA",2023-12-01,0.034988311531235
"TSLA",2024-01-01,-0.246257258103392
"TSLA",2024-02-01,0.0779006466960024
"TSLA",2024-03-01,-0.129235243538975
"TSLA",2024-04-01,0.0426076897390435
"TSLA",2024-05-01,-0.0283718735425351
"TSLA",2024-06-01,0.111185999821261
"TSLA",2024-07-01,0.172781491801832
"TSLA",2024-08-01,-0.0773904690267693
"TSLA",2024-09-01,0.221942011755632
"TSLA",2024-10-01,-0.0450254120683644
"TSLA",2024-11-01,0.381468862238513
"TSLA",2024-12-01,0.170008089156314
"TSLA",2025-01-01,0.00188195763796783
"TSLA",2025-02-01,-0.275877393557503
"TSLA",2025-03-01,-0.11543452131892
"TSLA",2025-04-01,0.088748262366855
"TSLA",2025-05-01,0.227884841786326
"TSLA",2025-06-01,-0.0831264460638398
"TSLA",2025-07-01,-0.029559952591404
"TSLA",2025-08-01,0.083044107489751
"TSLA",2025-09-01,0.332015478254065
"TSLA",2025-10-01,0.0266234851263525
"TSLA",2025-11-01,-0.05780178787449
"TSLA",2025-12-01,0.0577213329548758
